yona_file,yona_line,yona_file_ref,yona_line_range,ticket,gl_ids
src/main/kotlin/com/github/yonaprojects/yona/domain/attachment/AttachmentCleanupScheduler.kt,21,Attachment.java,438-477,P2-26,GL-models_Attachment-035
src/main/kotlin/com/github/yonaprojects/yona/domain/attachment/AttachmentService.kt,7,Attachment.java,537-582,P2-24,GL-models_Attachment-039;GL-models_Attachment-040
src/main/kotlin/com/github/yonaprojects/yona/domain/attachment/AttachmentServiceImpl.kt,59,Attachment.java,537-582,P2-24,GL-models_Attachment-039;GL-models_Attachment-040
src/main/kotlin/com/github/yonaprojects/yona/domain/attachment/AttachmentRepository.kt,25,Attachment.java,75-85,P2-24,GL-models_Attachment-013;GL-models_Attachment-014;GL-models_Attachment-015
src/main/kotlin/com/github/yonaprojects/yona/domain/board/PostingServiceImpl.kt,71,NotificationEvent.java,1380-1385,P1-127,GL-models_NotificationEvent-096
src/main/kotlin/com/github/yonaprojects/yona/domain/comment/CommentServiceImpl.kt,94,utils/JodaDateUtil.java,127-142,,GL-utils_JodaDateUtil-019;GL-utils_JodaDateUtil-020
src/main/kotlin/com/github/yonaprojects/yona/domain/comment/CommentServiceImpl.kt,239,NotificationEvent.java,1517-1528,P1-126,GL-models_NotificationEvent-107;GL-models_NotificationEvent-108
src/main/kotlin/com/github/yonaprojects/yona/domain/event/GitPostReceiveEventListener.kt,132,NotificationEvent.java,604-680,P1-46,GL-models_NotificationEvent-038;GL-models_NotificationEvent-039;GL-models_NotificationEvent-040;GL-models_NotificationEvent-041;GL-models_NotificationEvent-042;GL-models_NotificationEvent-043;GL-models_NotificationEvent-044;GL-models_NotificationEvent-045;GL-models_NotificationEvent-046
src/main/kotlin/com/github/yonaprojects/yona/domain/issue/IssueService.kt,50,IssueApi.java,1176-1210,P1-101,GL-controllers_api_IssueApi-064;GL-controllers_api_IssueApi-065
src/main/kotlin/com/github/yonaprojects/yona/domain/issue/IssueServiceImpl.kt,151,NotificationEvent.java,1380-1385,P1-127,GL-models_NotificationEvent-096
src/main/kotlin/com/github/yonaprojects/yona/domain/issue/IssueServiceImpl.kt,599,IssueApi.java,1176-1210,P1-101,GL-controllers_api_IssueApi-064;GL-controllers_api_IssueApi-065
src/main/kotlin/com/github/yonaprojects/yona/domain/issue/IssueRepository.kt,35,Issue.java,524-529,P2-38,GL-models_Issue-061
src/main/kotlin/com/github/yonaprojects/yona/domain/mail/IncomingMailProcessingService.kt,384,IssueApp.java,1004-1011,P2-34,GL-controllers_IssueApp-049
src/main/kotlin/com/github/yonaprojects/yona/domain/mention/MentionService.kt,6,Mention.java,33-49,,GL-models_Mention-004;GL-models_Mention-005;GL-models_Mention-006;GL-models_Mention-007;GL-models_Mention-008
src/main/kotlin/com/github/yonaprojects/yona/domain/mention/MentionRepository.kt,6,Mention.java,33-49,,GL-models_Mention-004;GL-models_Mention-005;GL-models_Mention-006;GL-models_Mention-007;GL-models_Mention-008
src/main/kotlin/com/github/yonaprojects/yona/domain/mention/MentionServiceImpl.kt,14,Mention.java,33-49,,GL-models_Mention-004;GL-models_Mention-005;GL-models_Mention-006;GL-models_Mention-007;GL-models_Mention-008
src/main/kotlin/com/github/yonaprojects/yona/domain/milestone/MilestoneService.kt,6,MilestoneApp.java,52-53,,GL-controllers_MilestoneApp-002
src/main/kotlin/com/github/yonaprojects/yona/domain/milestone/MilestoneServiceImpl.kt,25,Milestone.java,188-230,,GL-models_Milestone-027;GL-models_Milestone-028;GL-models_Milestone-029
src/main/kotlin/com/github/yonaprojects/yona/domain/organization/OrganizationServiceImpl.kt,25,FavoriteOrganization.java,38-46,P2-19,GL-models_FavoriteOrganization-007
src/main/kotlin/com/github/yonaprojects/yona/domain/organization/OrganizationServiceImpl.kt,97,FavoriteOrganization.java,38-46,P2-19,GL-models_FavoriteOrganization-007
src/main/kotlin/com/github/yonaprojects/yona/domain/organization/OrganizationServiceImpl.kt,259,EnrollOrganizationApp.java,101-104,P1-123,GL-controllers_EnrollOrganizationApp-005
src/main/kotlin/com/github/yonaprojects/yona/domain/project/ProjectServiceImpl.kt,59,FavoriteProject.java,41-50,P2-27,GL-models_FavoriteProject-008
src/main/kotlin/com/github/yonaprojects/yona/domain/project/ProjectServiceImpl.kt,366,FavoriteProject.java,41-50,P2-27,GL-models_FavoriteProject-008
src/main/kotlin/com/github/yonaprojects/yona/domain/project/Project.kt,27,Project.java,131-133,,GL-models_Project-026
src/main/kotlin/com/github/yonaprojects/yona/domain/project/ProjectUserServiceImpl.kt,237,NotificationEvent.java,1468-1477,P2-20,GL-models_NotificationEvent-100
src/main/kotlin/com/github/yonaprojects/yona/domain/pullrequest/CodeReviewServiceImpl.kt,212,AccessControl.java,205-301,P1-116,GL-utils_AccessControl-009
src/main/kotlin/com/github/yonaprojects/yona/domain/pullrequest/CodeReviewServiceImpl.kt,292,AccessControl.java,205-301,P1-116,GL-utils_AccessControl-009
src/main/kotlin/com/github/yonaprojects/yona/domain/pullrequest/PullRequestServiceImpl.kt,669,NotificationEvent.java,1425-1428,P1-127,GL-models_NotificationEvent-098
src/main/kotlin/com/github/yonaprojects/yona/domain/pullrequest/PullRequestRepository.kt,44,PullRequest.java,219-225,P2-38,GL-models_PullRequest-036
src/main/kotlin/com/github/yonaprojects/yona/domain/support/MarkdownService.kt,15,Markdown.java,346-356,P1-139,GL-utils_Markdown-017;GL-utils_Markdown-018
src/main/kotlin/com/github/yonaprojects/yona/domain/support/DiagnosticService.kt,16,Config.java,26-39,P1-137,GL-utils_Config-004;GL-utils_Config-005
src/main/kotlin/com/github/yonaprojects/yona/domain/support/DiagnosticService.kt,75,Config.java,26-39,P1-137,GL-utils_Config-004;GL-utils_Config-005
src/main/kotlin/com/github/yonaprojects/yona/domain/support/ChecksumUtils.kt,4,IssueApi.java,538-548,P1-102,GL-controllers_api_IssueApi-029
src/main/kotlin/com/github/yonaprojects/yona/domain/support/MarkdownServiceImpl.kt,34,utils/Markdown.java,132-211,P2-33,GL-utils_Markdown-010;GL-utils_Markdown-011
src/main/kotlin/com/github/yonaprojects/yona/domain/support/MarkdownServiceImpl.kt,108,utils/Markdown.java,218-270,P2-43,GL-utils_Markdown-012;GL-utils_Markdown-013
src/main/kotlin/com/github/yonaprojects/yona/domain/support/MarkdownServiceImpl.kt,146,utils/Markdown.java,103-130,P2-32,GL-utils_Markdown-009
src/main/kotlin/com/github/yonaprojects/yona/domain/support/MarkdownServiceImpl.kt,169,utils/Markdown.java,132-159,P2-33,GL-utils_Markdown-010
src/main/kotlin/com/github/yonaprojects/yona/domain/support/MarkdownServiceImpl.kt,199,utils/Markdown.java,161-211,P2-33,GL-utils_Markdown-011
src/main/kotlin/com/github/yonaprojects/yona/domain/support/MarkdownServiceImpl.kt,282,Markdown.java,358-365,,GL-utils_Markdown-019
src/main/kotlin/com/github/yonaprojects/yona/domain/support/MarkdownServiceImpl.kt,289,Markdown.java,367-377,,GL-utils_Markdown-021
src/main/kotlin/com/github/yonaprojects/yona/domain/support/MarkdownRenderCache.kt,5,utils/CacheStore.java,15-26,P2-43,GL-utils_CacheStore-002;GL-utils_CacheStore-003;GL-utils_CacheStore-004;GL-utils_CacheStore-005
src/main/kotlin/com/github/yonaprojects/yona/domain/support/YonaUpdateService.kt,30,YobiUpdate.java,40-41,,GL-models_YobiUpdate-002
src/main/kotlin/com/github/yonaprojects/yona/domain/support/FileUtil.kt,40,FileUtil.java,113-142,P2-25,GL-utils_FileUtil-007;GL-utils_FileUtil-008
src/main/kotlin/com/github/yonaprojects/yona/domain/vcs/BareCommit.kt,83,BareCommit.java,249-286,,GL-playRepository_BareCommit-024;GL-playRepository_BareCommit-025;GL-playRepository_BareCommit-026;GL-playRepository_BareCommit-027
src/main/kotlin/com/github/yonaprojects/yona/domain/webhook/WebhookServiceImpl.kt,38,Webhook.java,182-192,P1-132,GL-models_Webhook-017;GL-models_Webhook-018
src/main/kotlin/com/github/yonaprojects/yona/domain/webhook/WebhookServiceImpl.kt,41,Webhook.java,622-658,P1-143,GL-models_Webhook-046;GL-models_Webhook-047
src/main/kotlin/com/github/yonaprojects/yona/domain/webhook/WebhookServiceImpl.kt,125,Webhook.java,299-317,P2-36,GL-models_Webhook-025
src/main/kotlin/com/github/yonaprojects/yona/domain/webhook/WebhookThreadRecorder.kt,7,Webhook.java,622-658,P1-143,GL-models_Webhook-046;GL-models_Webhook-047
src/test/kotlin/com/github/yonaprojects/yona/config/git/GitProjectVisitRecorderSpec.kt,17,GitApp.java,88-137,P2-09,GL-controllers_GitApp-005
src/test/kotlin/com/github/yonaprojects/yona/config/security/AccessControlSpec.kt,447,AccessControl.java,100-118,P2-34,GL-utils_AccessControl-006;GL-utils_AccessControl-007
src/main/kotlin/com/github/yonaprojects/yona/web/BoardController.kt,46,BoardApp.java,211,P1-113,GL-controllers_BoardApp-009
src/main/kotlin/com/github/yonaprojects/yona/web/BoardController.kt,158,BoardApi.java,128-159,P1-107,GL-controllers_api_BoardApi-006
src/main/kotlin/com/github/yonaprojects/yona/web/BoardViewController.kt,402,BoardApp.java,211,P1-113,GL-controllers_BoardApp-009
src/main/kotlin/com/github/yonaprojects/yona/web/BoardViewController.kt,517,Posting.java,39-49,P1-111,GL-models_Posting-005;GL-models_Posting-006;GL-models_Posting-007
src/main/kotlin/com/github/yonaprojects/yona/web/BranchViewController.kt,59,actions/IsOnlyGitAvailableAction.java,44-45,,GL-actions_IsOnlyGitAvailableAction-002
src/main/kotlin/com/github/yonaprojects/yona/web/CommentController.kt,49,IssueApp.java,959-973,P2-34,GL-controllers_IssueApp-046;GL-controllers_IssueApp-047
src/main/kotlin/com/github/yonaprojects/yona/web/CommentController.kt,77,IssueApi.java,594-634,P1-102,GL-controllers_api_IssueApi-032;GL-controllers_api_IssueApi-033
src/main/kotlin/com/github/yonaprojects/yona/web/CommentController.kt,149,BoardApp.java,396-425,P2-34,GL-controllers_BoardApp-019
src/main/kotlin/com/github/yonaprojects/yona/web/CommentController.kt,177,BoardApi.java,198-238,P1-107,GL-controllers_api_BoardApi-008
src/main/kotlin/com/github/yonaprojects/yona/web/CommentController.kt,250,IssueApi.java,594-634,P1-102,GL-controllers_api_IssueApi-032;GL-controllers_api_IssueApi-033
src/main/kotlin/com/github/yonaprojects/yona/web/GlobalModelAttributeAdvice.kt,28,controllers/Application.java,42-43,,GL-controllers_Application-007
src/main/kotlin/com/github/yonaprojects/yona/web/GlobalModelAttributeAdvice.kt,31,controllers/UserApp.java,79-80,,GL-controllers_UserApp-011
src/main/kotlin/com/github/yonaprojects/yona/web/IndexController.kt,55,Application.java,45-52,P2-11,GL-controllers_Application-009;GL-controllers_Application-010;GL-controllers_Application-011;GL-controllers_Application-012
src/main/kotlin/com/github/yonaprojects/yona/web/IssueController.kt,332,IssueApi.java,1176-1191,P1-101,GL-controllers_api_IssueApi-064;GL-controllers_api_IssueApi-065
src/main/kotlin/com/github/yonaprojects/yona/web/IssueController.kt,377,IssueApi.java,551-584,P1-102,GL-controllers_api_IssueApi-030;GL-controllers_api_IssueApi-031
src/main/kotlin/com/github/yonaprojects/yona/web/IssueController.kt,416,IssueApi.java,319-349,P1-102,GL-controllers_api_IssueApi-020
src/main/kotlin/com/github/yonaprojects/yona/web/IssueViewController.kt,137,IssueApp.java,"46,166-177",P1-105,GL-controllers_IssueApp-010
src/main/kotlin/com/github/yonaprojects/yona/web/MilestoneController.kt,112,controllers/api/MilestoneApi.java,29-50,P1-129,GL-controllers_api_MilestoneApi-001;GL-controllers_api_MilestoneApi-002
src/main/kotlin/com/github/yonaprojects/yona/web/MilestoneController.kt,134,MilestoneApi.java,52-68,,GL-controllers_api_MilestoneApi-003
src/main/kotlin/com/github/yonaprojects/yona/web/MilestoneController.kt,162,utils/JodaDateUtil.java,84-92,,GL-utils_JodaDateUtil-015
src/main/kotlin/com/github/yonaprojects/yona/web/MilestoneViewController.kt,61,Milestone.java,99-108,P2-22,GL-models_Milestone-014;GL-models_Milestone-015
src/main/kotlin/com/github/yonaprojects/yona/web/MilestoneViewController.kt,122,Milestone.java,214-227,P1-128,GL-models_Milestone-029
src/main/kotlin/com/github/yonaprojects/yona/web/MilestoneViewController.kt,297,MilestoneApp.java,100-125,P2-23,GL-controllers_MilestoneApp-006
src/main/kotlin/com/github/yonaprojects/yona/web/MilestoneViewController.kt,394,MilestoneApp.java,100-125,P2-23,GL-controllers_MilestoneApp-006
src/main/kotlin/com/github/yonaprojects/yona/web/OrganizationViewController.kt,297,OrganizationApp.java,287-311,,GL-controllers_OrganizationApp-014
src/main/kotlin/com/github/yonaprojects/yona/web/OrganizationViewController.kt,340,OrganizationApp.java,90-91,P1-121,GL-controllers_OrganizationApp-005
src/main/kotlin/com/github/yonaprojects/yona/web/OrganizationViewController.kt,450,OrganizationApp.java,409-420,P1-124,GL-controllers_OrganizationApp-022
src/main/kotlin/com/github/yonaprojects/yona/web/ProjectApiController.kt,63,ProjectApi.java,46-72,P2-46,GL-controllers_api_ProjectApi-002;GL-controllers_api_ProjectApi-003
src/main/kotlin/com/github/yonaprojects/yona/web/ProjectApiController.kt,82,ProjectApi.java,111-161,P2-45,GL-controllers_api_ProjectApi-007
src/main/kotlin/com/github/yonaprojects/yona/web/ProjectApiController.kt,135,ProjectApi.java,230-243,,GL-controllers_api_ProjectApi-012
src/main/kotlin/com/github/yonaprojects/yona/web/ProjectApiController.kt,161,ProjectApi.java,163-179,,GL-controllers_api_ProjectApi-008
src/main/kotlin/com/github/yonaprojects/yona/web/ProjectApiController.kt,184,ProjectApi.java,189-210,,GL-controllers_api_ProjectApi-009;GL-controllers_api_ProjectApi-010
src/main/kotlin/com/github/yonaprojects/yona/web/ProjectApiController.kt,210,Project.java,637-655,,GL-models_Project-083;GL-models_Project-084
src/main/kotlin/com/github/yonaprojects/yona/web/ProjectApiController.kt,219,ProjectApi.java,220-228,,GL-controllers_api_ProjectApi-011
src/main/kotlin/com/github/yonaprojects/yona/web/ProjectApiController.kt,230,ProjectApi.java,46-72,P2-46,GL-controllers_api_ProjectApi-002;GL-controllers_api_ProjectApi-003
src/main/kotlin/com/github/yonaprojects/yona/web/ProjectApiController.kt,277,Project.java,182-212,,GL-models_Project-040;GL-models_Project-041
src/main/kotlin/com/github/yonaprojects/yona/web/ProjectApiController.kt,292,ProjectApi.java,87-109,,GL-controllers_api_ProjectApi-005;GL-controllers_api_ProjectApi-006
src/main/kotlin/com/github/yonaprojects/yona/web/ProjectApiController.kt,300,ProjectApi.java,350-364,,GL-controllers_api_ProjectApi-020
src/main/kotlin/com/github/yonaprojects/yona/web/ProjectApiController.kt,310,ProjectApi.java,366-376,,GL-controllers_api_ProjectApi-021
src/main/kotlin/com/github/yonaprojects/yona/web/ProjectApiController.kt,316,ProjectApi.java,378-389,,GL-controllers_api_ProjectApi-022
src/main/kotlin/com/github/yonaprojects/yona/web/ProjectApiController.kt,326,ProjectApi.java,441-450,,GL-controllers_api_ProjectApi-025
src/main/kotlin/com/github/yonaprojects/yona/web/ProjectApiController.kt,338,ProjectApi.java,276-320,,GL-controllers_api_ProjectApi-016;GL-controllers_api_ProjectApi-017
src/main/kotlin/com/github/yonaprojects/yona/web/ProjectApiController.kt,378,ProjectApi.java,276-320,,GL-controllers_api_ProjectApi-016;GL-controllers_api_ProjectApi-017
src/main/kotlin/com/github/yonaprojects/yona/web/ProjectApiController.kt,408,ProjectApi.java,391-421,,GL-controllers_api_ProjectApi-023;GL-controllers_api_ProjectApi-024
src/main/kotlin/com/github/yonaprojects/yona/web/ProjectApiController.kt,430,ProjectApi.java,391-421,,GL-controllers_api_ProjectApi-023;GL-controllers_api_ProjectApi-024
src/main/kotlin/com/github/yonaprojects/yona/web/ProjectViewController.kt,444,CodeApp.java,135-164,P2-30,GL-controllers_CodeApp-006
src/main/kotlin/com/github/yonaprojects/yona/web/ProjectViewController.kt,499,ProjectApp.java,168-178,P2-34,GL-controllers_ProjectApp-016;GL-controllers_ProjectApp-017
src/main/kotlin/com/github/yonaprojects/yona/web/ProjectViewController.kt,523,ProjectApp.java,184-186,P2-34,GL-controllers_ProjectApp-018
src/main/kotlin/com/github/yonaprojects/yona/web/PullRequestViewController.kt,668,PullRequest.java,1063-1103,P1-114,GL-models_PullRequest-100
src/main/kotlin/com/github/yonaprojects/yona/web/UserController.kt,168,UserApp.java,1016-1020,,GL-controllers_UserApp-075
src/main/kotlin/com/github/yonaprojects/yona/web/UserController.kt,296,UserApi.java,218-241,P1-118,GL-controllers_api_UserApi-014
src/main/kotlin/com/github/yonaprojects/yona/web/UserController.kt,314,UserApi.java,407-434,,GL-controllers_api_UserApi-024;GL-controllers_api_UserApi-025;GL-controllers_api_UserApi-026
src/main/kotlin/com/github/yonaprojects/yona/web/UserController.kt,355,UserApi.java,244-265,P1-118,GL-controllers_api_UserApi-015
src/main/kotlin/com/github/yonaprojects/yona/web/UserController.kt,385,UserApi.java,320-339,P1-118,GL-controllers_api_UserApi-018;GL-controllers_api_UserApi-019
src/main/kotlin/com/github/yonaprojects/yona/web/UserController.kt,403,UserApi.java,341-379,P1-118,GL-controllers_api_UserApi-020;GL-controllers_api_UserApi-021
src/main/kotlin/com/github/yonaprojects/yona/web/UserViewController.kt,221,UserApp.java,811-846,P0-25,GL-controllers_UserApp-064
src/main/kotlin/com/github/yonaprojects/yona/web/UserViewController.kt,233,UserApp.java,740-743,P2-38,GL-controllers_UserApp-059
src/main/kotlin/com/github/yonaprojects/yona/web/UserViewController.kt,251,UserApp.java,757-759,P2-38,GL-controllers_UserApp-060
src/main/kotlin/com/github/yonaprojects/yona/web/UserViewController.kt,297,UserApp.java,1101-1114,,GL-controllers_UserApp-079;GL-controllers_UserApp-080
src/main/kotlin/com/github/yonaprojects/yona/web/WatchController.kt,242,WatcherApi.java,26-58,,GL-controllers_api_WatcherApi-002
src/main/kotlin/com/github/yonaprojects/yona/web/WebhookController.kt,82,Webhook.java,74-81,P2-28,GL-models_Webhook-006
src/main/kotlin/com/github/yonaprojects/yona/config/git/GitProjectVisitRecorder.kt,12,GitApp.java,88-137,P2-09,GL-controllers_GitApp-005
src/main/kotlin/com/github/yonaprojects/yona/config/security/AccessControl.kt,190,AccessControl.java,100-118,P2-34,GL-utils_AccessControl-006;GL-utils_AccessControl-007
src/main/kotlin/com/github/yonaprojects/yona/config/security/AccessControl.kt,205,AccessControl.java,100-118,P2-34,GL-utils_AccessControl-006;GL-utils_AccessControl-007
src/main/kotlin/com/github/yonaprojects/yona/config/security/AccessControl.kt,256,AccessControl.java,"250-259,274-279,368-383",P1-82,GL-utils_AccessControl-013
src/main/kotlin/com/github/yonaprojects/yona/config/security/AccessControl.kt,306,AccessControl.java,119-203,,GL-utils_AccessControl-008
src/main/kotlin/com/github/yonaprojects/yona/config/security/AccessControl.kt,339,AccessControl.java,119-203,,GL-utils_AccessControl-008
src/main/kotlin/com/github/yonaprojects/yona/config/security/AccessControl.kt,349,AccessControl.java,205-301,,GL-utils_AccessControl-009
src/main/kotlin/com/github/yonaprojects/yona/config/security/AccessControl.kt,378,AccessControl.java,205-301,,GL-utils_AccessControl-009
src/main/kotlin/com/github/yonaprojects/yona/config/security/AccessControl.kt,404,AccessControl.java,205-301,,GL-utils_AccessControl-009
src/main/kotlin/com/github/yonaprojects/yona/config/security/AccessControl.kt,429,AccessControl.java,205-301,,GL-utils_AccessControl-009
src/main/kotlin/com/github/yonaprojects/yona/config/security/AccessControl.kt,454,AccessControl.java,205-301,,GL-utils_AccessControl-009
src/main/kotlin/com/github/yonaprojects/yona/config/security/AccessControl.kt,480,AccessControl.java,205-301,,GL-utils_AccessControl-009
src/main/kotlin/com/github/yonaprojects/yona/config/security/AccessControl.kt,505,AccessControl.java,205-301,,GL-utils_AccessControl-009
src/main/kotlin/com/github/yonaprojects/yona/config/security/AccessControl.kt,530,AccessControl.java,205-301,,GL-utils_AccessControl-009
src/main/kotlin/com/github/yonaprojects/yona/config/security/AccessControl.kt,555,AccessControl.java,205-301,,GL-utils_AccessControl-009
src/main/kotlin/com/github/yonaprojects/yona/config/security/AccessControl.kt,579,AccessControl.java,205-301,P1-87,GL-utils_AccessControl-009
src/main/kotlin/com/github/yonaprojects/yona/config/security/AccessControl.kt,632,AccessControl.java,205-301,,GL-utils_AccessControl-009
src/main/kotlin/com/github/yonaprojects/yona/config/TemplateHelper.kt,278,models/User.java,247-250,,GL-models_User-044
src/main/kotlin/com/github/yonaprojects/yona/config/TemplateHelper.kt,516,models/OrganizationUser.java,70-72,,GL-models_OrganizationUser-010
src/main/kotlin/com/github/yonaprojects/yona/config/TemplateHelper.kt,524,models/User.java,677-683,,GL-models_User-078
src/test/kotlin/com/github/yonaprojects/yona/domain/mail/IncomingMailProcessingServiceSpec.kt,181,IssueApp.java,1004-1011,,GL-controllers_IssueApp-049
src/test/kotlin/com/github/yonaprojects/yona/domain/attachment/AttachmentServiceSpec.kt,120,Attachment.java,438-477,P2-26,GL-models_Attachment-035
src/test/kotlin/com/github/yonaprojects/yona/domain/attachment/AttachmentServiceSpec.kt,221,Attachment.java,75-85,P2-24,GL-models_Attachment-013;GL-models_Attachment-014;GL-models_Attachment-015
src/test/kotlin/com/github/yonaprojects/yona/domain/attachment/AttachmentServiceSpec.kt,242,FileUtil.java,113-142,P2-25,GL-utils_FileUtil-007;GL-utils_FileUtil-008
src/test/kotlin/com/github/yonaprojects/yona/domain/project/ProjectServiceImplSpec.kt,164,FavoriteProject.java,41-50,P2-27,GL-models_FavoriteProject-008
src/test/kotlin/com/github/yonaprojects/yona/domain/project/ProjectUserServiceSpec.kt,65,NotificationEvent.java,1468-1477,P2-20,GL-models_NotificationEvent-100
src/test/kotlin/com/github/yonaprojects/yona/domain/project/ProjectUserServiceSpec.kt,173,NotificationEvent.java,1468-1477,P2-20,GL-models_NotificationEvent-100
src/test/kotlin/com/github/yonaprojects/yona/domain/project/ProjectUserServiceSpec.kt,190,EnrollProjectApp.java,55-71,P1-142,GL-controllers_EnrollProjectApp-003
src/test/kotlin/com/github/yonaprojects/yona/domain/project/ProjectUserServiceSpec.kt,190,EnrollProjectApp.java,55-71,P1-123,GL-controllers_EnrollProjectApp-003
src/test/kotlin/com/github/yonaprojects/yona/domain/issue/IssueServiceSpec.kt,470,IssueApi.java,1176-1210,P1-101,GL-controllers_api_IssueApi-064;GL-controllers_api_IssueApi-065
src/test/kotlin/com/github/yonaprojects/yona/domain/issue/IssueCommentRepositorySpec.kt,14,Search.java,594-602,P1-83,GL-models_Search-046
src/test/kotlin/com/github/yonaprojects/yona/domain/comment/CommentServiceSpec.kt,200,IssueApp.java,1020-1057,P2-17,GL-controllers_IssueApp-050
src/test/kotlin/com/github/yonaprojects/yona/domain/organization/OrganizationServiceSpec.kt,201,EnrollOrganizationApp.java,"82,101-104",P1-123,GL-controllers_EnrollOrganizationApp-005
src/test/kotlin/com/github/yonaprojects/yona/domain/organization/OrganizationServiceSpec.kt,255,FavoriteOrganization.java,38-46,P2-19,GL-models_FavoriteOrganization-007
src/test/kotlin/com/github/yonaprojects/yona/domain/webhook/WebhookServiceSpec.kt,311,Webhook.java,182-192,P1-132,GL-models_Webhook-017;GL-models_Webhook-018
src/test/kotlin/com/github/yonaprojects/yona/domain/webhook/WebhookServiceSpec.kt,395,Webhook.java,284-298,,GL-models_Webhook-024
src/test/kotlin/com/github/yonaprojects/yona/domain/support/YonaUpdateServiceSpec.kt,14,YobiUpdate.java,40-41,P2-10,GL-models_YobiUpdate-002
src/test/kotlin/com/github/yonaprojects/yona/domain/support/AutoLinkRendererSpec.kt,25,utils/AutoLinkRenderer.java,268-296,P2-35,GL-utils_AutoLinkRenderer-022;GL-utils_AutoLinkRenderer-023
src/test/kotlin/com/github/yonaprojects/yona/domain/support/MarkdownServiceImplSpec.kt,62,utils/Markdown.java,132-159,,GL-utils_Markdown-010
src/test/kotlin/com/github/yonaprojects/yona/domain/support/MarkdownServiceImplSpec.kt,123,utils/Markdown.java,103-130,P2-32,GL-utils_Markdown-009
src/test/kotlin/com/github/yonaprojects/yona/domain/support/MarkdownServiceImplSpec.kt,327,Markdown.java,346-356,P1-139,GL-utils_Markdown-017;GL-utils_Markdown-018
src/test/kotlin/com/github/yonaprojects/yona/domain/pullrequest/CodeReviewServiceSpec.kt,638,AccessControl.java,205-301,P1-116,GL-utils_AccessControl-009
src/test/kotlin/com/github/yonaprojects/yona/domain/pullrequest/ReviewCommentRepositorySpec.kt,13,Search.java,707-715,P1-83,GL-models_Search-061;GL-models_Search-062
src/test/kotlin/com/github/yonaprojects/yona/domain/mention/MentionServiceImplSpec.kt,36,Mention.java,33-49,,GL-models_Mention-004;GL-models_Mention-005;GL-models_Mention-006;GL-models_Mention-007;GL-models_Mention-008
src/test/kotlin/com/github/yonaprojects/yona/web/IssueControllerSpec.kt,215,AccessControl.java,"274-279,368-383",P1-82,GL-utils_AccessControl-013
src/test/kotlin/com/github/yonaprojects/yona/web/IssueControllerSpec.kt,1063,IssueApi.java,1176-1210,P1-101,GL-controllers_api_IssueApi-064;GL-controllers_api_IssueApi-065
src/test/kotlin/com/github/yonaprojects/yona/web/IssueControllerSpec.kt,1147,IssueApi.java,551-584,P1-102,GL-controllers_api_IssueApi-030;GL-controllers_api_IssueApi-031
src/test/kotlin/com/github/yonaprojects/yona/web/IssueControllerSpec.kt,1334,IssueApi.java,319-349,P1-102,GL-controllers_api_IssueApi-020
src/test/kotlin/com/github/yonaprojects/yona/web/ProjectApiControllerSpec.kt,453,ProjectApi.java,46-72,P2-46,GL-controllers_api_ProjectApi-002;GL-controllers_api_ProjectApi-003
src/test/kotlin/com/github/yonaprojects/yona/web/OrganizationControllerSpec.kt,24,AccessControl.java,119-203,P0-21,GL-utils_AccessControl-008
src/test/kotlin/com/github/yonaprojects/yona/web/ProjectViewControllerSpec.kt,381,ProjectApp.java,168-186,P2-34,GL-controllers_ProjectApp-016;GL-controllers_ProjectApp-017;GL-controllers_ProjectApp-018
src/test/kotlin/com/github/yonaprojects/yona/web/ProjectViewControllerSpec.kt,465,CodeApp.java,135-164,P2-30,GL-controllers_CodeApp-006
src/test/kotlin/com/github/yonaprojects/yona/web/BoardControllerSpec.kt,211,BoardApp.java,211,P1-113,GL-controllers_BoardApp-009
src/test/kotlin/com/github/yonaprojects/yona/web/BoardControllerSpec.kt,415,BoardApi.java,128-159,P1-107,GL-controllers_api_BoardApi-006
src/test/kotlin/com/github/yonaprojects/yona/web/IssueViewControllerSpec.kt,204,IssueApp.java,"46,166-177",P1-105,GL-controllers_IssueApp-010
src/test/kotlin/com/github/yonaprojects/yona/web/IndexControllerSpec.kt,117,Application.java,45-52,P2-11,GL-controllers_Application-009;GL-controllers_Application-010;GL-controllers_Application-011;GL-controllers_Application-012
src/test/kotlin/com/github/yonaprojects/yona/web/UserControllerSpec.kt,791,UserApi.java,218-241,P1-118,GL-controllers_api_UserApi-014
src/test/kotlin/com/github/yonaprojects/yona/web/UserControllerSpec.kt,900,UserApi.java,244-265,P1-118,GL-controllers_api_UserApi-015
src/test/kotlin/com/github/yonaprojects/yona/web/UserControllerSpec.kt,975,UserApi.java,320-339,P1-118,GL-controllers_api_UserApi-018;GL-controllers_api_UserApi-019
src/test/kotlin/com/github/yonaprojects/yona/web/UserControllerSpec.kt,1002,UserApi.java,341-379,P1-118,GL-controllers_api_UserApi-020;GL-controllers_api_UserApi-021
src/test/kotlin/com/github/yonaprojects/yona/web/MilestoneViewControllerSpec.kt,160,MilestoneApp.java,50-73,P1-128,GL-controllers_MilestoneApp-002;GL-controllers_MilestoneApp-003
src/test/kotlin/com/github/yonaprojects/yona/web/MilestoneViewControllerSpec.kt,181,Milestone.java,214-227,P1-128,GL-models_Milestone-029
src/test/kotlin/com/github/yonaprojects/yona/web/MilestoneViewControllerSpec.kt,236,Milestone.java,99-108,P2-22,GL-models_Milestone-014;GL-models_Milestone-015
src/test/kotlin/com/github/yonaprojects/yona/web/MilestoneViewControllerSpec.kt,322,MilestoneApp.java,100-125,P2-23,GL-controllers_MilestoneApp-006
src/test/kotlin/com/github/yonaprojects/yona/web/WebhookControllerSpec.kt,132,Webhook.java,74-81,P2-28,GL-models_Webhook-006
src/test/kotlin/com/github/yonaprojects/yona/web/BoardViewControllerSpec.kt,491,BoardApp.java,211,P1-113,GL-controllers_BoardApp-009
src/test/kotlin/com/github/yonaprojects/yona/web/MilestoneControllerSpec.kt,262,controllers/api/MilestoneApi.java,29-50,P1-129,GL-controllers_api_MilestoneApi-001;GL-controllers_api_MilestoneApi-002
src/test/kotlin/com/github/yonaprojects/yona/web/OrganizationViewControllerSpec.kt,123,OrganizationApp.java,90-91,P1-121,GL-controllers_OrganizationApp-005
src/test/kotlin/com/github/yonaprojects/yona/web/OrganizationViewControllerSpec.kt,155,OrganizationApp.java,409-420,P1-124,GL-controllers_OrganizationApp-022
src/test/kotlin/com/github/yonaprojects/yona/web/UserViewControllerSpec.kt,310,UserApp.java,811-846,P0-25,GL-controllers_UserApp-064
src/test/kotlin/com/github/yonaprojects/yona/web/UserViewControllerSpec.kt,345,UserApp.java,754-759,P2-38,GL-controllers_UserApp-060
src/test/kotlin/com/github/yonaprojects/yona/web/PullRequestViewControllerSpec.kt,373,PullRequest.java,1063-1103,P1-114,GL-models_PullRequest-100
