yona_file,yona_line,yona_file_ref,yona_line_range,ticket_ids,pattern_type,is_exclusion
src/main/kotlin/com/github/yonaprojects/yona/web/AttachmentController.kt,75,AttachmentApp.java,84-85,P2-24,forward,False
src/main/kotlin/com/github/yonaprojects/yona/web/AttachmentController.kt,113,AccessControl.java,255-259,P1-96,forward,False
src/main/kotlin/com/github/yonaprojects/yona/web/AttachmentController.kt,195,AccessControl.java,250-263,P1-130,forward,False
src/main/kotlin/com/github/yonaprojects/yona/web/AttachmentController.kt,240,AccessControl.java,255-259,P1-96,forward,False
src/main/kotlin/com/github/yonaprojects/yona/web/AuthController.kt,26,UserApp.java,1218-1224,P1-77,forward,False
src/main/kotlin/com/github/yonaprojects/yona/web/AuthController.kt,81,models/User.java,"65-66,80",P1-104,forward,False
src/main/kotlin/com/github/yonaprojects/yona/web/AuthController.kt,108,UserApp.java,1260-1275,P1-77,forward,False
src/main/kotlin/com/github/yonaprojects/yona/web/BoardController.kt,46,BoardApp.java,211,P1-113,forward,False
src/main/kotlin/com/github/yonaprojects/yona/web/BoardController.kt,54,AbstractPostingApp.java,35,P1-105,forward,False
src/main/kotlin/com/github/yonaprojects/yona/web/BoardController.kt,158,BoardApi.java,128-159,P1-107,forward,False
src/main/kotlin/com/github/yonaprojects/yona/web/BoardController.kt,259,AbstractPostingApp.java,35,P1-105,forward,False
src/main/kotlin/com/github/yonaprojects/yona/web/BoardViewController.kt,92,AbstractPostingApp.java,35,P1-105,forward,False
src/main/kotlin/com/github/yonaprojects/yona/web/BoardViewController.kt,214,BoardApp.java,119,P1-113,forward,False
src/main/kotlin/com/github/yonaprojects/yona/web/BoardViewController.kt,246,board/create.scala.html,100-106,TASK-0263,forward,False
src/main/kotlin/com/github/yonaprojects/yona/web/BoardViewController.kt,294,board/edit.scala.html,59,TASK-0263,forward,False
src/main/kotlin/com/github/yonaprojects/yona/web/BoardViewController.kt,402,BoardApp.java,211,P1-113,forward,False
src/main/kotlin/com/github/yonaprojects/yona/web/BoardViewController.kt,503,AbstractPostingApp.java,35,P1-105,forward,False
src/main/kotlin/com/github/yonaprojects/yona/web/BoardViewController.kt,515,Posting.java,37,P1-110,forward,False
src/main/kotlin/com/github/yonaprojects/yona/web/BoardViewController.kt,517,Posting.java,39-49,P1-111,forward,False
src/main/kotlin/com/github/yonaprojects/yona/web/BranchApiController.kt,38,BranchApp.java,47,P2-29,forward,False
src/main/kotlin/com/github/yonaprojects/yona/web/BranchApiController.kt,76,BranchApp.java,47,P2-29,forward,False
src/main/kotlin/com/github/yonaprojects/yona/web/BranchApiController.kt,88,BranchApp.java,71-72,,forward,False
src/main/kotlin/com/github/yonaprojects/yona/web/BranchViewController.kt,38,actions/CodeAccessCheckAction.java,22-24,,forward,False
src/main/kotlin/com/github/yonaprojects/yona/web/BranchViewController.kt,59,actions/IsOnlyGitAvailableAction.java,44-45,,forward,False
src/main/kotlin/com/github/yonaprojects/yona/web/BranchViewController.kt,88,code/branches.scala.html,59-62,,forward,False
src/main/kotlin/com/github/yonaprojects/yona/web/CodeViewController.kt,50,,,,forward,False
src/main/kotlin/com/github/yonaprojects/yona/web/CodeViewController.kt,72,CodeApp.java,60-62,,forward,False
src/main/kotlin/com/github/yonaprojects/yona/web/CodeViewController.kt,127,actions/CodeAccessCheckAction.java,22-24,,forward,False
src/main/kotlin/com/github/yonaprojects/yona/web/CodeViewController.kt,149,CodeApp.java,115-117,,forward,False
src/main/kotlin/com/github/yonaprojects/yona/web/CodeViewController.kt,170,code/view.scala.html,26-39,,forward,False
src/main/kotlin/com/github/yonaprojects/yona/web/CodeViewController.kt,184,code/view.scala.html,41-47,,forward,False
src/main/kotlin/com/github/yonaprojects/yona/web/CodeViewController.kt,194,code/view.scala.html,49-55,,forward,False
src/main/kotlin/com/github/yonaprojects/yona/web/CodeViewController.kt,204,views/code/partial_view_file.scala.html,109-114,P1-139,forward,False
src/main/kotlin/com/github/yonaprojects/yona/web/CodeViewController.kt,215,views/code/partial_view_file.scala.html,44-59,,forward,False
src/main/kotlin/com/github/yonaprojects/yona/web/CodeViewController.kt,365,actions/CodeAccessCheckAction.java,22-24,,forward,False
src/main/kotlin/com/github/yonaprojects/yona/web/CodeViewController.kt,405,code/history.scala.html,56-69,,forward,False
src/main/kotlin/com/github/yonaprojects/yona/web/CodeViewController.kt,416,code/history.scala.html,144-154,,forward,False
src/main/kotlin/com/github/yonaprojects/yona/web/CodeViewController.kt,450,actions/CodeAccessCheckAction.java,22-24,,forward,False
src/main/kotlin/com/github/yonaprojects/yona/web/CodeViewController.kt,492,code/svnDiff.scala.html,37-50,그룹2 #39,forward,False
src/main/kotlin/com/github/yonaprojects/yona/web/CommentController.kt,49,IssueApp.java,959-973,P2-34,forward,False
src/main/kotlin/com/github/yonaprojects/yona/web/CommentController.kt,77,IssueApi.java,594-634,P1-102,forward,False
src/main/kotlin/com/github/yonaprojects/yona/web/CommentController.kt,149,BoardApp.java,396-425,P2-34,forward,False
src/main/kotlin/com/github/yonaprojects/yona/web/CommentController.kt,177,BoardApi.java,198-238,P1-107,forward,False
src/main/kotlin/com/github/yonaprojects/yona/web/CommentController.kt,250,IssueApi.java,594-634,P1-102,forward,False
src/main/kotlin/com/github/yonaprojects/yona/web/CommentController.kt,254,models/Comment.java,45,P1-112,forward,False
src/main/kotlin/com/github/yonaprojects/yona/web/GlobalModelAttributeAdvice.kt,26,controllers/Application.java,35,P0-23,forward,False
src/main/kotlin/com/github/yonaprojects/yona/web/GlobalModelAttributeAdvice.kt,28,controllers/Application.java,42-43,,forward,False
src/main/kotlin/com/github/yonaprojects/yona/web/GlobalModelAttributeAdvice.kt,31,controllers/UserApp.java,79-80,,forward,False
src/main/kotlin/com/github/yonaprojects/yona/web/IndexController.kt,55,Application.java,45-52,P2-11,forward,False
src/main/kotlin/com/github/yonaprojects/yona/web/IssueController.kt,57,AccessControl.java,"250-259,274-279",P1-82,forward,False
src/main/kotlin/com/github/yonaprojects/yona/web/IssueController.kt,72,AccessControl.java,244-248,P2-12,forward,False
src/main/kotlin/com/github/yonaprojects/yona/web/IssueController.kt,84,AbstractPostingApp.java,35,P1-105,forward,False
src/main/kotlin/com/github/yonaprojects/yona/web/IssueController.kt,129,IssueApp.java,267-269,P1-84,forward,False
src/main/kotlin/com/github/yonaprojects/yona/web/IssueController.kt,332,IssueApi.java,1176-1191,P1-101,forward,False
src/main/kotlin/com/github/yonaprojects/yona/web/IssueController.kt,355,IssueApi.java,1194-1209,P1-101,forward,False
src/main/kotlin/com/github/yonaprojects/yona/web/IssueController.kt,377,IssueApi.java,551-584,P1-102,forward,False
src/main/kotlin/com/github/yonaprojects/yona/web/IssueController.kt,416,IssueApi.java,319-349,P1-102,forward,False
src/main/kotlin/com/github/yonaprojects/yona/web/IssueController.kt,484,AbstractPostingApp.java,35,P1-105,forward,False
src/main/kotlin/com/github/yonaprojects/yona/web/IssueViewController.kt,137,IssueApp.java,"46,166-177",P1-105,forward,False
src/main/kotlin/com/github/yonaprojects/yona/web/IssueViewController.kt,223,partial_list_wrap.scala.html,84-86,그룹7 #119,forward,False
src/main/kotlin/com/github/yonaprojects/yona/web/IssueViewController.kt,333,issue/view.scala.html,329-381,그룹7 #127,forward,False
src/main/kotlin/com/github/yonaprojects/yona/web/IssueViewController.kt,523,partial_select_subtask.scala.html,10,그룹7 #125,forward,False
src/main/kotlin/com/github/yonaprojects/yona/web/IssueViewController.kt,985,IssueApp.java,46,P1-105,forward,False
src/main/kotlin/com/github/yonaprojects/yona/web/MilestoneController.kt,112,controllers/api/MilestoneApi.java,29-50,P1-129,forward,False
src/main/kotlin/com/github/yonaprojects/yona/web/MilestoneController.kt,134,MilestoneApi.java,52-68,,forward,False
src/main/kotlin/com/github/yonaprojects/yona/web/MilestoneController.kt,162,utils/JodaDateUtil.java,84-92,,forward,False
src/main/kotlin/com/github/yonaprojects/yona/web/MilestoneViewController.kt,61,Milestone.java,99-108,P2-22,forward,False
src/main/kotlin/com/github/yonaprojects/yona/web/MilestoneViewController.kt,122,Milestone.java,214-227,P1-128,forward,False
src/main/kotlin/com/github/yonaprojects/yona/web/MilestoneViewController.kt,297,MilestoneApp.java,100-125,P2-23,forward,False
src/main/kotlin/com/github/yonaprojects/yona/web/MilestoneViewController.kt,394,MilestoneApp.java,100-125,P2-23,forward,False
src/main/kotlin/com/github/yonaprojects/yona/web/OrganizationViewController.kt,59,controllers/Application.java,35,P0-23,forward,False
src/main/kotlin/com/github/yonaprojects/yona/web/OrganizationViewController.kt,122,organization/members.scala.html,21,,forward,False
src/main/kotlin/com/github/yonaprojects/yona/web/OrganizationViewController.kt,152,group_issue_search_partial.scala.html,42-46,,forward,False
src/main/kotlin/com/github/yonaprojects/yona/web/OrganizationViewController.kt,236,group_board_list.scala.html,65,,forward,False
src/main/kotlin/com/github/yonaprojects/yona/web/OrganizationViewController.kt,297,OrganizationApp.java,287-311,,forward,False
src/main/kotlin/com/github/yonaprojects/yona/web/OrganizationViewController.kt,340,OrganizationApp.java,90-91,P1-121,forward,False
src/main/kotlin/com/github/yonaprojects/yona/web/OrganizationViewController.kt,349,organization/create.scala.html,35-40,,forward,False
src/main/kotlin/com/github/yonaprojects/yona/web/OrganizationViewController.kt,450,OrganizationApp.java,409-420,P1-124,forward,False
src/main/kotlin/com/github/yonaprojects/yona/web/OrganizationViewController.kt,622,OrganizationApp.java,485-486,P1-120,forward,False
src/main/kotlin/com/github/yonaprojects/yona/web/OrganizationViewController.kt,628,OrganizationApp.java,485-488,P0-23,forward,False
src/main/kotlin/com/github/yonaprojects/yona/web/ProjectApiController.kt,63,ProjectApi.java,46-72,P2-46,forward,False
src/main/kotlin/com/github/yonaprojects/yona/web/ProjectApiController.kt,82,ProjectApi.java,111-161,P2-45,forward,False
src/main/kotlin/com/github/yonaprojects/yona/web/ProjectApiController.kt,92,ProjectApi.java,120-123,,forward,False
src/main/kotlin/com/github/yonaprojects/yona/web/ProjectApiController.kt,98,ProjectApi.java,125-131,,forward,False
src/main/kotlin/com/github/yonaprojects/yona/web/ProjectApiController.kt,113,ProjectApi.java,133-138,,forward,False
src/main/kotlin/com/github/yonaprojects/yona/web/ProjectApiController.kt,130,ProjectApi.java,148-150,,forward,False
src/main/kotlin/com/github/yonaprojects/yona/web/ProjectApiController.kt,135,ProjectApi.java,230-243,,forward,False
src/main/kotlin/com/github/yonaprojects/yona/web/ProjectApiController.kt,140,ProjectApi.java,152,,forward,False
src/main/kotlin/com/github/yonaprojects/yona/web/ProjectApiController.kt,153,ProjectApi.java,153,,forward,False
src/main/kotlin/com/github/yonaprojects/yona/web/ProjectApiController.kt,161,ProjectApi.java,163-179,,forward,False
src/main/kotlin/com/github/yonaprojects/yona/web/ProjectApiController.kt,171,ProjectApi.java,322-325,,forward,False
src/main/kotlin/com/github/yonaprojects/yona/web/ProjectApiController.kt,184,ProjectApi.java,189-210,,forward,False
src/main/kotlin/com/github/yonaprojects/yona/web/ProjectApiController.kt,210,Project.java,637-655,,forward,False
src/main/kotlin/com/github/yonaprojects/yona/web/ProjectApiController.kt,219,ProjectApi.java,220-228,,forward,False
src/main/kotlin/com/github/yonaprojects/yona/web/ProjectApiController.kt,230,ProjectApi.java,46-72,P2-46,forward,False
src/main/kotlin/com/github/yonaprojects/yona/web/ProjectApiController.kt,277,Project.java,182-212,,forward,False
src/main/kotlin/com/github/yonaprojects/yona/web/ProjectApiController.kt,292,ProjectApi.java,87-109,,forward,False
src/main/kotlin/com/github/yonaprojects/yona/web/ProjectApiController.kt,300,ProjectApi.java,350-364,,forward,False
src/main/kotlin/com/github/yonaprojects/yona/web/ProjectApiController.kt,310,ProjectApi.java,366-376,,forward,False
src/main/kotlin/com/github/yonaprojects/yona/web/ProjectApiController.kt,316,ProjectApi.java,378-389,,forward,False
src/main/kotlin/com/github/yonaprojects/yona/web/ProjectApiController.kt,326,ProjectApi.java,441-450,,forward,False
src/main/kotlin/com/github/yonaprojects/yona/web/ProjectApiController.kt,338,ProjectApi.java,276-320,,forward,False
src/main/kotlin/com/github/yonaprojects/yona/web/ProjectApiController.kt,378,ProjectApi.java,276-320,,forward,False
src/main/kotlin/com/github/yonaprojects/yona/web/ProjectApiController.kt,408,ProjectApi.java,391-421,,forward,False
src/main/kotlin/com/github/yonaprojects/yona/web/ProjectApiController.kt,430,ProjectApi.java,391-421,,forward,False
src/main/kotlin/com/github/yonaprojects/yona/web/ProjectApiController.kt,446,ProjectApi.java,423-439,,forward,False
src/main/kotlin/com/github/yonaprojects/yona/web/ProjectApiController.kt,484,utils/JodaDateUtil.java,16,,forward,False
src/main/kotlin/com/github/yonaprojects/yona/web/ProjectApiController.kt,491,ProjectApi.java,322-325,,forward,False
src/main/kotlin/com/github/yonaprojects/yona/web/ProjectMemberController.kt,178,IssueApi.java,738,P1-117,forward,False
src/main/kotlin/com/github/yonaprojects/yona/web/ProjectMemberController.kt,185,Project.java,566-568,P1-117,forward,False
src/main/kotlin/com/github/yonaprojects/yona/web/ProjectViewController.kt,80,controllers/Application.java,35,P0-23,forward,False
src/main/kotlin/com/github/yonaprojects/yona/web/ProjectViewController.kt,121,partial_readme.scala.html,38-42,P2-42,forward,False
src/main/kotlin/com/github/yonaprojects/yona/web/ProjectViewController.kt,444,CodeApp.java,135-164,P2-30,forward,False
src/main/kotlin/com/github/yonaprojects/yona/web/ProjectViewController.kt,499,ProjectApp.java,168-178,P2-34,forward,False
src/main/kotlin/com/github/yonaprojects/yona/web/ProjectViewController.kt,523,ProjectApp.java,184-186,P2-34,forward,False
src/main/kotlin/com/github/yonaprojects/yona/web/ProjectViewController.kt,573,ProjectApp.java,1055-1058,P0-23,forward,False
src/main/kotlin/com/github/yonaprojects/yona/web/ProjectViewController.kt,614,ProjectApp.java,1055-1058,P0-23,forward,False
src/main/kotlin/com/github/yonaprojects/yona/web/PullRequestController.kt,126,PullRequestApp.java,254,P1-141,forward,False
src/main/kotlin/com/github/yonaprojects/yona/web/PullRequestViewController.kt,668,PullRequest.java,1063-1103,P1-114,forward,False
src/main/kotlin/com/github/yonaprojects/yona/web/PullRequestViewController.kt,751,models/PullRequest.java,66,P1-105,forward,False
src/main/kotlin/com/github/yonaprojects/yona/web/ReviewThreadController.kt,67,ReviewThreadApp.java,41,,forward,False
src/main/kotlin/com/github/yonaprojects/yona/web/ReviewViewController.kt,41,PullRequestApp.java,591,P0-24,forward,False
src/main/kotlin/com/github/yonaprojects/yona/web/ReviewViewController.kt,51,PullRequestApp.java,610,,forward,False
src/main/kotlin/com/github/yonaprojects/yona/web/ReviewViewController.kt,98,CodeHistoryApp.java,189,P0-24,forward,False
src/main/kotlin/com/github/yonaprojects/yona/web/SearchController.kt,27,controllers/Application.java,35,P0-23,forward,False
src/main/kotlin/com/github/yonaprojects/yona/web/SearchController.kt,45,SearchApp.java,56-58,P2-31,forward,False
src/main/kotlin/com/github/yonaprojects/yona/web/SearchController.kt,83,SearchApp.java,126-130,P0-23,forward,False
src/main/kotlin/com/github/yonaprojects/yona/web/SearchController.kt,98,SearchApp.java,134-136,P2-31,forward,False
src/main/kotlin/com/github/yonaprojects/yona/web/SearchController.kt,136,SearchApp.java,209-211,P2-31,forward,False
src/main/kotlin/com/github/yonaprojects/yona/web/StatisticsViewController.kt,33,StatisticsApp.java,30,P1-138,forward,False
src/main/kotlin/com/github/yonaprojects/yona/web/UserController.kt,156,UserApp.java,1008-1013,,forward,False
src/main/kotlin/com/github/yonaprojects/yona/web/UserController.kt,168,UserApp.java,1016-1020,,forward,False
src/main/kotlin/com/github/yonaprojects/yona/web/UserController.kt,296,UserApi.java,218-241,P1-118,forward,False
src/main/kotlin/com/github/yonaprojects/yona/web/UserController.kt,314,UserApi.java,407-434,,forward,False
src/main/kotlin/com/github/yonaprojects/yona/web/UserController.kt,355,UserApi.java,244-265,P1-118,forward,False
src/main/kotlin/com/github/yonaprojects/yona/web/UserController.kt,385,UserApi.java,320-339,P1-118,forward,False
src/main/kotlin/com/github/yonaprojects/yona/web/UserController.kt,403,UserApi.java,341-379,P1-118,forward,False
src/main/kotlin/com/github/yonaprojects/yona/web/UserController.kt,432,UserApp.java,1372-1380,P2-11,forward,False
src/main/kotlin/com/github/yonaprojects/yona/web/UserViewController.kt,71,controllers/Application.java,35,P0-23,forward,False
src/main/kotlin/com/github/yonaprojects/yona/web/UserViewController.kt,216,UserApp.java,752,P0-23,forward,False
src/main/kotlin/com/github/yonaprojects/yona/web/UserViewController.kt,221,UserApp.java,811-846,P0-25,forward,False
src/main/kotlin/com/github/yonaprojects/yona/web/UserViewController.kt,233,UserApp.java,740-743,P2-38,forward,False
src/main/kotlin/com/github/yonaprojects/yona/web/UserViewController.kt,240,UserApp.java,754-755,P2-38,forward,False
src/main/kotlin/com/github/yonaprojects/yona/web/UserViewController.kt,251,UserApp.java,757-759,P2-38,forward,False
src/main/kotlin/com/github/yonaprojects/yona/web/UserViewController.kt,297,UserApp.java,1101-1114,,forward,False
src/main/kotlin/com/github/yonaprojects/yona/web/WatchController.kt,242,WatcherApi.java,26-58,,forward,False
src/main/kotlin/com/github/yonaprojects/yona/web/WebhookController.kt,18,ProjectApp.java,"1268,1283,1313",P1-87,forward,False
src/main/kotlin/com/github/yonaprojects/yona/web/WebhookController.kt,82,Webhook.java,74-81,P2-28,forward,False
